,count,mean,std,min,25%,50%,75%,max,missing_values,missing_%
active_wells,1095.0,0.49341161121983035,0.31151228279945736,0.0,0.2142857142857143,0.5,0.7857142857142857,1.0,0.0,0.0
investment_k,1095.0,0.4956263991086011,0.2891679978003949,0.0,0.23550522725752876,0.4986290987717616,0.748668108156305,1.0,0.0,0.0
reservoir_pressure_psi,1095.0,0.511304589097301,0.28693978625089256,0.0,0.2671808180611246,0.525755382244431,0.7603458513186248,1.0,0.0,0.0
temperature_c,1095.0,0.49905549691378615,0.2894232723828346,0.0,0.25078773990260667,0.5015754798052136,0.7582354626181611,1.0,0.0,0.0
production_barrels,1095.0,0.551301954963086,0.16517661574697778,0.0,0.43248204309656824,0.5490999379267536,0.6632526381129734,1.0,0.0,0.0
