,count,mean,std,min,25%,50%,75%,max,missing_values,missing_%
id,6.0,0.5,0.37416573867739417,0.0,0.25,0.5000000000000001,0.75,1.0000000000000002,0.0,0.0
age,6.0,0.3333333333333335,0.38369548110737794,0.0,0.10416666666666677,0.1666666666666669,0.47916666666666685,1.0,0.0,0.0
salary,6.0,0.5750000000000001,0.3312853754695489,0.0,0.525,0.6000000000000001,0.7125,1.0,0.0,0.0
