id,petal_length_cm,petal_width_cm,freshness_days,is_fragrant
1.0,0.006966939635289026,-0.0024238670155070914,-0.029397493017903495,0.010697151136122197
0.006966939635289026,1.0,0.5001608240977399,0.043958990476724094,-0.019717394112339776
-0.0024238670155070914,0.5001608240977399,1.0,0.04204394972540594,-0.03520298981064896
-0.029397493017903495,0.043958990476724094,0.04204394972540594,1.0,-0.02058260165593675
0.010697151136122197,-0.019717394112339776,-0.03520298981064896,-0.02058260165593675,1.0
