id,petal_length_cm,petal_width_cm,freshness_days,is_fragrant
1.0,0.006966939635288389,-0.002423867015508438,-0.02939749301790151,0.010697151136122152
0.006966939635288389,1.0,0.5001608240977408,0.04395899047672416,-0.019717394112339776
-0.002423867015508438,0.5001608240977408,1.0,0.04204394972540608,-0.035202989810648996
-0.02939749301790151,0.04395899047672416,0.04204394972540608,1.0,-0.02058260165593664
0.010697151136122152,-0.019717394112339776,-0.035202989810648996,-0.02058260165593664,1.0
