,count,mean,std,min,25%,50%,75%,max,missing_values,missing_%
id,1000.0,500.5,288.8194360957494,1.0,250.75,500.5,750.25,1000.0,0.0,0.0
petal_length_cm,1000.0,5.31362,1.4228061965963859,2.51,4.2475000000000005,5.16,6.2325,8.99,0.0,0.0
petal_width_cm,1000.0,1.90691,0.6704488448446709,0.53,1.37,1.93,2.4,3.5,0.0,0.0
freshness_days,1000.0,8.536,3.4998504186540536,3.0,5.0,9.0,11.0,14.0,0.0,0.0
