,count,mean,std,min,25%,50%,75%,max,missing_values,missing_%
id,1000.0,0.5,0.28910854464038976,0.0,0.25,0.5,0.75,1.0,0.0,0.0
petal_length_cm,1000.0,0.4326574074074074,0.21956885749944227,0.0,0.2681327160493827,0.4089506172839506,0.57445987654321,1.0,0.0,0.0
petal_width_cm,1000.0,0.46360606060606063,0.2257403517995525,0.0,0.2828282828282829,0.4713804713804714,0.6296296296296295,1.0000000000000002,0.0,0.0
freshness_days,1000.0,0.5032727272727272,0.3181682198776412,0.0,0.1818181818181818,0.5454545454545455,0.7272727272727273,1.0,0.0,0.0
