,count,mean,std,min,25%,50%,75%,max,missing_values,missing_%
id,1000.0,-5.684341886080802e-17,1.0005003753127737,-1.7303196219213357,-0.8651598109606677,0.0,0.8651598109606677,1.7303196219213357,0.0,0.0
petal_length_cm,1000.0,-1.523225989785715e-16,1.0005003753127737,-1.9714721997588496,-0.7496828891243837,-0.1080237547623981,0.6461454743918261,2.5851866393268126,0.0,0.0
petal_width_cm,1000.0,-1.638689184346731e-16,1.0005003753127737,-2.054741360753739,-0.8012224357454661,0.0344568475933819,0.735830531824201,2.3773434098112247,0.0,0.0
freshness_days,1000.0,8.171241461241152e-17,1.0005003753127737,-1.5825733717675778,-1.0108344368804472,0.1326434328938144,0.7043823677809452,1.5619907701116411,0.0,0.0
is_fragrant,1000.0,0.0,1.0005003753127737,-1.0,-1.0,0.0,1.0,1.0,0.0,0.0
