id,petal_length_cm,petal_width_cm,freshness_days
1.0,0.006966939635288389,-0.002423867015508438,-0.02939749301790151
0.006966939635288389,1.0,0.5001608240977408,0.04395899047672416
-0.002423867015508438,0.5001608240977408,1.0,0.04204394972540608
-0.02939749301790151,0.04395899047672416,0.04204394972540608,1.0
