,count,mean,std,min,25%,50%,75%,max,missing_values,missing_%
date,1095.0,0.0,1.0004569339968858,-1.730469747624978,-0.865234873812489,0.0,0.865234873812489,1.730469747624978,0.0,0.0
field,1095.0,-9.733462133700002e-17,1.000456933996886,-1.3055023159648356,-1.3055023159648356,-0.4114904110358207,0.4825214938931942,1.3765333988222093,0.0,0.0
active_wells,1095.0,1.7520231840660004e-16,1.000456933996886,-1.584647203388909,-0.8964443922925887,0.0211593558358383,0.9387631039642652,1.6269659150605855,0.0,0.0
investment_k,1095.0,9.246789027015003e-17,1.000456933996886,-1.7147570665906895,-0.8999613789816321,0.0103886727493012,0.875468012826045,1.7450204385517545,0.0,0.0
reservoir_pressure_psi,1095.0,4.590949639728501e-16,1.000456933996886,-1.7827371666735263,-0.8511727239981215,0.0503847737349311,0.8683182659891078,1.7039070072442486,0.0,0.0
temperature_c,1095.0,1.0349914735501003e-15,1.0004569339968863,-1.725098082908245,-0.8581935963364484,0.0087108902353487,0.8959141112157367,1.731627859549942,0.0,0.0
production_barrels,1095.0,-1.4600193200550003e-16,1.000456933996886,-3.3391764389563736,-0.7196793818917537,-0.0133373795244284,0.678073204953906,2.717715630617291,0.0,0.0
