,count,mean,std,min,25%,50%,75%,max,missing_values,missing_%
Active_Wells,1095.0,11.907762557077625,4.361171959192403,5.0,8.0,12.0,16.0,19.0,0.0,0.0
Investment_k$,1095.0,272.4229589041096,129.72365549323516,50.08,155.73000000000002,273.77,385.94,498.69,0.0,0.0
Reservoir_Pressure_psi,1095.0,3267.0595616438354,430.09691500932547,2500.66,2901.1400000000003,3288.72,3640.3500000000004,3999.57,0.0,0.0
Temperature_C,1095.0,37.43202739726026,10.103766438884753,20.01,28.765,37.52,46.480000000000004,54.92,0.0,0.0
Production_Barrels,1095.0,27184.16073059361,9313.48347889334,-3901.0,20484.5,27060.0,33496.5,52484.0,0.0,0.0
